adjusted_rand_index,normalized_mutual_info,homogeneity,completeness,v_measure,purity
0.6035868187746538,0.7539674039793173,0.6147060240107638,0.9748102348855077,0.7539674039793174,0.6207611152976639
