feature,variance,importance
PC1,44.019635581499955,91.01580895357766
PC2,4.345188164616543,8.984191046422337
