silhouette_score,davies_bouldin_index,calinski_harabasz_index,inertia
0.779380923411083,0.2830608729144627,38919.220133260926,16377.065830120206
